partner,partnercode,partneriso,year,GDP,N_total,vol_total,N_BRI,vol_BRI,M_jt,M_t
Algeria,12,DZA,2005,103198223709.439,2,.6,0,0,363732733,659952762880
Algeria,12,DZA,2006,117027307540.89,2,6.51,0,0,143121609,791460839424
Algeria,12,DZA,2007,134977082623.78,0,0,0,0,1160931952,956115451904
Algeria,12,DZA,2008,171000699876.747,2,.92,0,0,849219211,1132562219008
Algeria,12,DZA,2009,137211035770.034,3,3.01,0,0,946619790,1005555220480
Algeria,12,DZA,2010,161207270185.25,0,0,0,0,1177317334,1396001603584
Algeria,12,DZA,2011,200013052199.2,6,1.65,0,0,1960886720,1743394832384
Algeria,12,DZA,2012,209058991952.125,3,2.87,0,0,2311905609,1818199195648
Algeria,12,DZA,2013,209755003250.664,5,2.35,2,1.69,2164546739,1949992353792
Algeria,12,DZA,2014,213810024944.464,4,2.13,4,2.13,1314681787,1959234633728
Algeria,12,DZA,2015,165979279263.174,2,.41,2,.41,767362894,1679564341248
Algeria,12,DZA,2016,160034163871.455,7,3.35,7,3.35,331886154,1587920633856
Algeria,12,DZA,2017,170097014589.134,0,0,0,0,448323792,1843792969728
Algeria,12,DZA,2018,174910878623.049,1,.13,1,.13,1178823679,2134982656000
Algeria,12,DZA,2019,171767403748.19,2,.5600000000000001,2,.5600000000000001,1141659578,2068950286336
Angola,24,AGO,2005,36970918699.2523,1,.21,0,0,6581828714,659952762880
Angola,24,AGO,2006,52381006892.038,1,.74,0,0,10933295107,791460839424
Angola,24,AGO,2007,65266452081.386,2,1.95,0,0,12888664603,956115451904
Angola,24,AGO,2008,88538611205.1433,3,3.24,0,0,22382523829,1132562219008
Angola,24,AGO,2009,70307163678.23801,2,1.43,0,0,14675830702,1005555220480
Angola,24,AGO,2010,83799496611.20039,0,0,0,0,22815049454,1396001603584
Angola,24,AGO,2011,111789686464.441,8,4.48,0,0,24922180492,1743394832384
Angola,24,AGO,2012,128052853643.106,2,.9,0,0,33561896917,1818199195648
Angola,24,AGO,2013,136709862831.194,2,2.12,0,0,31972669347,1949992353792
Angola,24,AGO,2014,145712200312.505,3,1.89,3,1.89,31106015046,1959234633728
Angola,24,AGO,2015,116193649124.151,1,.61,1,.61,16001611383,1679564341248
Angola,24,AGO,2016,101123851090.455,9,3.5,9,3.5,13966117080,1587920633856
Angola,24,AGO,2017,122123822333.59,5,3.36,5,3.36,20698709467,1843792969728
Angola,24,AGO,2018,101353230784.594,0,0,0,0,25652016497,2134982656000
Angola,24,AGO,2019,89417190341.2533,2,.42,2,.42,23308304634,2068950286336
Benin,204,BEN,2005,6567654493.50831,0,0,0,0,139392855,659952762880
Benin,204,BEN,2006,7034111651.4964,0,0,0,0,89382926,791460839424
Benin,204,BEN,2007,8169048690.05254,0,0,0,0,113159474,956115451904
Benin,204,BEN,2008,9787735426.00897,0,0,0,0,110161584,1132562219008
Benin,204,BEN,2009,9738626993.27696,0,0,0,0,93782107,1005555220480
Benin,204,BEN,2010,9535344283.47295,0,0,0,0,125631617,1396001603584
Benin,204,BEN,2011,10693321953.6355,0,0,0,0,176474574,1743394832384
Benin,204,BEN,2012,11141358945.1349,1,.24,0,0,261537667,1818199195648
Benin,204,BEN,2013,12517845732.2095,0,0,0,0,206006603,1949992353792
Benin,204,BEN,2014,13284528654.0574,1,.64,1,.64,266630687,1959234633728
Benin,204,BEN,2015,11388160958.249,1,.16,1,.16,77849434,1679564341248
Benin,204,BEN,2016,11821066152.5979,0,0,0,0,55392328,1587920633856
Benin,204,BEN,2017,12701654743.2149,0,0,0,0,91590374,1843792969728
Benin,204,BEN,2018,14262407011.5254,0,0,0,0,48324485,2134982656000
Benin,204,BEN,2019,14391686632.7821,1,.6899999999999999,1,.6899999999999999,154356415,2068950286336
Botswana,72,BWA,2005,9918907108.097019,0,0,0,0,4004099,659952762880
Botswana,72,BWA,2006,10137883299.3156,1,.17,0,0,8166108,791460839424
Botswana,72,BWA,2007,10939053365.4786,0,0,0,0,26435247,956115451904
Botswana,72,BWA,2008,10945070441.9283,0,0,0,0,183913357,1132562219008
Botswana,72,BWA,2009,10267133177.7334,2,1.07,0,0,65286578,1005555220480
Botswana,72,BWA,2010,12786654498.3514,1,.2,0,0,53365700,1396001603584
Botswana,72,BWA,2011,15351972361.1477,0,0,0,0,100667978,1743394832384
Botswana,72,BWA,2012,14380004175.1194,0,0,0,0,119478885,1818199195648
Botswana,72,BWA,2013,14901750991.2012,0,0,0,0,193857600,1949992353792
Botswana,72,BWA,2014,15654660710.108,0,0,0,0,213879358,1959234633728
Botswana,72,BWA,2015,13578754072.4652,0,0,0,0,138734945,1679564341248
Botswana,72,BWA,2016,15082578064.8002,0,0,0,0,62142098,1587920633856
Botswana,72,BWA,2017,16088437675.1648,1,.1,0,0,33548493,1843792969728
Botswana,72,BWA,2018,16914245098.0392,1,.1,0,0,14229756,2134982656000
Botswana,72,BWA,2019,16593720655.6402,0,0,0,0,17130262,2068950286336
Burkina Faso,854,BFA,2005,6146352742.03313,0,0,0,0,163266398,659952762880
Burkina Faso,854,BFA,2006,6547420133.69942,0,0,0,0,193312963,791460839424
Burkina Faso,854,BFA,2007,7625723123.54939,0,0,0,0,155039766,956115451904
Burkina Faso,854,BFA,2008,9451436358.968611,0,0,0,0,62483770,1132562219008
Burkina Faso,854,BFA,2009,9450697335.53565,0,0,0,0,116175194,1005555220480
Burkina Faso,854,BFA,2010,10109618964.2848,0,0,0,0,121094433,1396001603584
Burkina Faso,854,BFA,2011,12080296644.0643,0,0,0,0,182408451,1743394832384
Burkina Faso,854,BFA,2012,12561016091.4673,0,0,0,0,232656312,1818199195648
Burkina Faso,854,BFA,2013,13444301139.1384,0,0,0,0,186891061,1949992353792
Burkina Faso,854,BFA,2014,13943016923.9017,0,0,0,0,123903950,1959234633728
Burkina Faso,854,BFA,2015,11832159275.603,0,0,0,0,44064898,1679564341248
Burkina Faso,854,BFA,2016,12833363370.174,0,0,0,0,13999131,1587920633856
Burkina Faso,854,BFA,2017,14106956830.0857,0,0,0,0,20436214,1843792969728
Burkina Faso,854,BFA,2018,15890065019.7634,0,0,0,0,95735845,2134982656000
Burkina Faso,854,BFA,2019,16178162030.0694,0,0,0,0,59957108,2068950286336
Burundi,108,BDI,2005,1117113045.65222,0,0,0,0,327082,659952762880
Burundi,108,BDI,2006,1273375020.26862,0,0,0,0,1746395,791460839424
Burundi,108,BDI,2007,1356199364.85882,0,0,0,0,673626,956115451904
Burundi,108,BDI,2008,1611835901.9063,0,0,0,0,121419,1132562219008
Burundi,108,BDI,2009,1781455092.07114,0,0,0,0,969077,1005555220480
Burundi,108,BDI,2010,2032135246.50004,0,0,0,0,3458396,1396001603584
Burundi,108,BDI,2011,2235820867.82743,0,0,0,0,13748216,1743394832384
Burundi,108,BDI,2012,2333308099.46249,0,0,0,0,10677713,1818199195648
Burundi,108,BDI,2013,2451625332.74584,0,0,0,0,9306831,1949992353792
Burundi,108,BDI,2014,2705783272.07443,0,0,0,0,4143095,1959234633728
Burundi,108,BDI,2015,3104394858.11518,0,0,0,0,2815539,1679564341248
Burundi,108,BDI,2016,2732808556.84172,0,0,0,0,2736689,1587920633856
Burundi,108,BDI,2017,2748180473.71333,0,0,0,0,6929048,1843792969728
Burundi,108,BDI,2018,2668495742.88443,0,0,0,0,11931415,2134982656000
Burundi,108,BDI,2019,2631434363.22693,0,0,0,0,12944585,2068950286336
Cameroon,120,CMR,2005,19509850837.2745,0,0,0,0,66753332,659952762880
Cameroon,120,CMR,2006,20910513974.6215,0,0,0,0,199662643,791460839424
Cameroon,120,CMR,2007,23928251333.7444,0,0,0,0,160017569,956115451904
Cameroon,120,CMR,2008,27715144580.2691,0,0,0,0,479190637,1132562219008
Cameroon,120,CMR,2009,27932971683.4215,1,.5,0,0,397667764,1005555220480
Cameroon,120,CMR,2010,27507499709.071,5,2.31,0,0,460903575,1396001603584
Cameroon,120,CMR,2011,30630912184.7789,4,1.1,0,0,662949235,1743394832384
Cameroon,120,CMR,2012,30155064574.0734,3,1.27,0,0,890431771,1818199195648
Cameroon,120,CMR,2013,33728622819.0912,2,.79,1,.46,366168547,1949992353792
Cameroon,120,CMR,2014,36386546917.6861,0,0,0,0,688876834,1959234633728
Cameroon,120,CMR,2015,32210232911.6626,5,2.16,5,2.16,781615344,1679564341248
Cameroon,120,CMR,2016,33814337900.2831,2,.42,2,.42,402230109,1587920633856
Cameroon,120,CMR,2017,36098550141.5897,2,.52,2,.52,508503058,1843792969728
Cameroon,120,CMR,2018,39973839064.6084,1,.89,1,.89,1095691368,2134982656000
Cameroon,120,CMR,2019,39670977332.7348,0,0,0,0,1015043061,2068950286336
Cape Verde,132,CPV,2005,971977088.156914,0,0,0,0,0,659952762880
Cape Verde,132,CPV,2006,1107891063.43863,0,0,0,0,344,791460839424
Cape Verde,132,CPV,2007,1513933983.22398,0,0,0,0,50,956115451904
Cape Verde,132,CPV,2008,1789333748.6799,0,0,0,0,0,1132562219008
Cape Verde,132,CPV,2009,1711817181.52969,0,0,0,0,193,1005555220480
Cape Verde,132,CPV,2010,1664310769.55229,0,0,0,0,12060,1396001603584
Cape Verde,132,CPV,2011,1865915544.12445,0,0,0,0,12062,1743394832384
Cape Verde,132,CPV,2012,1741809808.96442,0,0,0,0,1115,1818199195648
Cape Verde,132,CPV,2013,1850470042.43281,0,0,0,0,160,1949992353792
Cape Verde,132,CPV,2014,1859898513.26858,0,0,0,0,3020,1959234633728
Cape Verde,132,CPV,2015,1596800287.16405,0,0,0,0,22606,1679564341248
Cape Verde,132,CPV,2016,1662998677.88425,1,.13,1,.13,83281,1587920633856
Cape Verde,132,CPV,2017,1768319144.00218,0,0,0,0,8010,1843792969728
Cape Verde,132,CPV,2018,1966503222.76759,0,0,0,0,290464,2134982656000
Cape Verde,132,CPV,2019,1981845740.70615,0,0,0,0,28583,2068950286336
Central African Republic,140,CAF,2005,1337362392.15225,0,0,0,0,8990376,659952762880
Central African Republic,140,CAF,2006,1460561215.4447,0,0,0,0,8608876,791460839424
Central African Republic,140,CAF,2007,1697565948.65323,0,0,0,0,6611853,956115451904
Central African Republic,140,CAF,2008,1985240986.18508,0,0,0,0,21438597,1132562219008
Central African Republic,140,CAF,2009,2059094048.26019,0,0,0,0,14645378,1005555220480
Central African Republic,140,CAF,2010,2142591375.85053,0,0,0,0,25164045,1396001603584
Central African Republic,140,CAF,2011,2437982839.63072,0,0,0,0,28137864,1743394832384
Central African Republic,140,CAF,2012,2510126699.05356,0,0,0,0,48619399,1818199195648
Central African Republic,140,CAF,2013,1691544192.38242,0,0,0,0,40649156,1949992353792
Central African Republic,140,CAF,2014,1894813504.52945,0,0,0,0,29272800,1959234633728
Central African Republic,140,CAF,2015,1695825708.45604,0,0,0,0,26531973,1679564341248
Central African Republic,140,CAF,2016,1825018190.85071,0,0,0,0,31565170,1587920633856
Central African Republic,140,CAF,2017,2072349794.23301,0,0,0,0,28107918,1843792969728
Central African Republic,140,CAF,2018,2220978978.17342,0,0,0,0,54109277,2134982656000
Central African Republic,140,CAF,2019,2220307368.69593,0,0,0,0,36201783,2068950286336
Chad,148,TCD,2005,6649307057.03314,0,0,0,0,191083375,659952762880
Chad,148,TCD,2006,7428701809.40597,0,0,0,0,260313008,791460839424
Chad,148,TCD,2007,8650138068.631611,1,.2,0,0,84069391,956115451904
Chad,148,TCD,2008,10393834720.852,0,0,0,0,41604208,1132562219008
Chad,148,TCD,2009,9290728773.357229,1,.47,0,0,65367344,1005555220480
Chad,148,TCD,2010,10668102734.8132,0,0,0,0,495797040,1396001603584
Chad,148,TCD,2011,12172309522.6171,3,7.06,0,0,265318912,1743394832384
Chad,148,TCD,2012,12367363677.6199,0,0,0,0,220729086,1818199195648
Chad,148,TCD,2013,12953535495.8781,0,0,0,0,103500226,1949992353792
Chad,148,TCD,2014,13940768065.6063,1,.13,1,.13,108341710,1959234633728
Chad,148,TCD,2015,10950392219.9104,0,0,0,0,90692359,1679564341248
Chad,148,TCD,2016,10097778353.7651,1,.11,1,.11,114908269,1587920633856
Chad,148,TCD,2017,10000395242.1457,1,.31,1,.31,279913925,1843792969728
Chad,148,TCD,2018,11239167048.4916,0,0,0,0,93922218,2134982656000
Chad,148,TCD,2019,11314951342.7807,0,0,0,0,439826679,2068950286336
Comoros,174,COM,2005,653845122.872074,0,0,0,0,583,659952762880
Comoros,174,COM,2006,698431827.740958,0,0,0,0,683,791460839424
Comoros,174,COM,2007,795673128.485442,0,0,0,0,1773,956115451904
Comoros,174,COM,2008,915659192.825112,0,0,0,0,0,1132562219008
Comoros,174,COM,2009,905341090.570115,0,0,0,0,2496,1005555220480
Comoros,174,COM,2010,907978723.547592,0,0,0,0,24089,1396001603584
Comoros,174,COM,2011,1023086183.79822,0,0,0,0,6874,1743394832384
Comoros,174,COM,2012,1015843368.79008,0,0,0,0,6181,1818199195648
Comoros,174,COM,2013,1116224161.07781,0,0,0,0,7795,1949992353792
Comoros,174,COM,2014,1149587651.69395,0,0,0,0,8950,1959234633728
Comoros,174,COM,2015,966029542.038859,0,0,0,0,22210,1679564341248
Comoros,174,COM,2016,1012835518.26037,0,0,0,0,13151,1587920633856
Comoros,174,COM,2017,1077439662.5798,0,0,0,0,37560,1843792969728
Comoros,174,COM,2018,1188797574.94753,0,0,0,0,27965,2134982656000
Comoros,174,COM,2019,1192559739.37288,0,0,0,0,31714,2068950286336
Congo,178,COG,2005,6647357442.08986,0,0,0,0,2278029897,659952762880
Congo,178,COG,2006,8065134528.26894,1,.16,0,0,2791641670,791460839424
Congo,178,COG,2007,8771102025.009871,0,0,0,0,2836696112,956115451904
Congo,178,COG,2008,11602893043.0256,1,2.14,0,0,3731701410,1132562219008
Congo,178,COG,2009,9684321633.21977,1,.14,0,0,1738812252,1005555220480
Congo,178,COG,2010,13135580695.2473,2,.53,0,0,3122346533,1396001603584
Congo,178,COG,2011,15634897272.7645,2,.23,0,0,4672291086,1743394832384
Congo,178,COG,2012,17693924573.2499,1,.31,0,0,4555407364,1818199195648
Congo,178,COG,2013,17953617927.2376,3,1.92,1,1.15,5712190624,1949992353792
Congo,178,COG,2014,17889079957.8792,8,2.74,8,2.74,5479017995,1959234633728
Congo,178,COG,2015,11885478502.1168,0,0,0,0,2623858411,1679564341248
Congo,178,COG,2016,10215989995.0073,2,2.6,2,2.6,2333002484,1587920633856
Congo,178,COG,2017,11090177747.1315,0,0,0,0,3962065354,1843792969728
Congo,178,COG,2018,13670036995.9959,1,.22,1,.22,6702542008,2134982656000
Congo,178,COG,2019,12750339022.9512,0,0,0,0,5934470091,2068950286336
Cote d'Ivoire,384,CIV,2005,24036917016.5323,0,0,0,0,85085258,659952762880
Cote d'Ivoire,384,CIV,2006,25281414472.8976,0,0,0,0,125488509,791460839424
Cote d'Ivoire,384,CIV,2007,28760092034.5396,0,0,0,0,40636513,956115451904
Cote d'Ivoire,384,CIV,2008,34078243426.0168,0,0,0,0,70580413,1132562219008
Cote d'Ivoire,384,CIV,2009,33886814907.0536,0,0,0,0,62760509,1005555220480
Cote d'Ivoire,384,CIV,2010,34936305296.8834,0,0,0,0,110528625,1396001603584
Cote d'Ivoire,384,CIV,2011,36693712824.7812,0,0,0,0,162103105,1743394832384
Cote d'Ivoire,384,CIV,2012,36302305578.306,1,.12,0,0,142555572,1818199195648
Cote d'Ivoire,384,CIV,2013,42760237561.3995,2,1.5,0,0,257133042,1949992353792
Cote d'Ivoire,384,CIV,2014,48843008580.3616,0,0,0,0,216268420,1959234633728
Cote d'Ivoire,384,CIV,2015,45814637971.4745,0,0,0,0,144109478,1679564341248
Cote d'Ivoire,384,CIV,2016,47964234560.0514,1,.41,1,.41,101381256,1587920633856
Cote d'Ivoire,384,CIV,2017,51588158717.5348,0,0,0,0,157910000,1843792969728
Cote d'Ivoire,384,CIV,2018,58011466450.8643,5,1.79,5,1.79,254377396,2134982656000
Cote d'Ivoire,384,CIV,2019,58539424929.7248,3,.66,3,.66,460758618,2068950286336
Democratic Republic of Congo,180,COD,2005,11964484667.9102,0,0,0,0,175771992,659952762880
Democratic Republic of Congo,180,COD,2006,14451902467.9315,1,2,0,0,368550111,791460839424
Democratic Republic of Congo,180,COD,2007,16737071816.38,0,0,0,0,460175988,956115451904
Democratic Republic of Congo,180,COD,2008,19788515873.8942,3,2.64,0,0,1583860124,1132562219008
Democratic Republic of Congo,180,COD,2009,18648373312.4241,0,0,0,0,1136447612,1005555220480
Democratic Republic of Congo,180,COD,2010,21565720044.4634,0,0,0,0,2505716427,1396001603584
Democratic Republic of Congo,180,COD,2011,25839749198.8233,3,1.82,0,0,3161987572,1743394832384
Democratic Republic of Congo,180,COD,2012,29306235826.3885,1,.27,0,0,3527095184,1818199195648
Democratic Republic of Congo,180,COD,2013,32679745297.6453,1,.17,0,0,2745655110,1949992353792
Democratic Republic of Congo,180,COD,2014,35909040265.9328,2,.6,0,0,2811558079,1959234633728
Democratic Republic of Congo,180,COD,2015,37917704900.0794,3,.98,0,0,2627427301,1679564341248
Democratic Republic of Congo,180,COD,2016,37134799974.5225,3,3.96,0,0,2084962098,1587920633856
Democratic Republic of Congo,180,COD,2017,38019265625.8845,3,1.69,0,0,3289989305,1843792969728
Democratic Republic of Congo,180,COD,2018,47146004586.6824,2,.31,0,0,5682944652,2134982656000
Democratic Republic of Congo,180,COD,2019,50400747050.496,3,.85,0,0,4436612965,2068950286336
Djibouti,262,DJI,2005,708633194.726566,0,0,0,0,536065,659952762880
Djibouti,262,DJI,2006,768873684.032838,0,0,0,0,383907,791460839424
Djibouti,262,DJI,2007,847918929.1079839,0,0,0,0,1639492,956115451904
Djibouti,262,DJI,2008,999105339.267729,0,0,0,0,1791549,1132562219008
Djibouti,262,DJI,2009,1049110684.72493,0,0,0,0,109578,1005555220480
Djibouti,262,DJI,2010,1128611700.3618,0,0,0,0,690795,1396001603584
Djibouti,262,DJI,2011,1239144501.77525,1,.42,0,0,176023,1743394832384
Djibouti,262,DJI,2012,1353632941.5207,2,.7,0,0,617415,1818199195648
Djibouti,262,DJI,2013,2042817162.85639,0,0,0,0,273727,1949992353792
Djibouti,262,DJI,2014,2214679081.25658,0,0,0,0,1684901,1959234633728
Djibouti,262,DJI,2015,2430274292.2896,1,.6,1,.6,898189,1679564341248
Djibouti,262,DJI,2016,2603540256.91955,0,0,0,0,134100,1587920633856
Djibouti,262,DJI,2017,2751445573.68009,0,0,0,0,15498,1843792969728
Djibouti,262,DJI,2018,3012803457.10411,1,.37,1,.37,204482,2134982656000
Djibouti,262,DJI,2019,3324615549.09099,0,0,0,0,20136186,2068950286336
Egypt,818,EGY,2005,89600665557.4043,0,0,0,0,211135885,659952762880
Egypt,818,EGY,2006,107426086956.522,1,.9399999999999999,0,0,216768816,791460839424
Egypt,818,EGY,2007,130437828371.278,1,.15,0,0,239739333,956115451904
Egypt,818,EGY,2008,162818181818.182,3,.59,0,0,428939103,1132562219008
Egypt,818,EGY,2009,189147005444.646,1,.28,0,0,752542778,1005555220480
Egypt,818,EGY,2010,218983666061.706,1,1.99,0,0,917930190,1396001603584
Egypt,818,EGY,2011,235989672977.625,3,.4399999999999999,0,0,1518340176,1743394832384
Egypt,818,EGY,2012,279116666666.667,2,.55,0,0,1320736724,1818199195648
Egypt,818,EGY,2013,288434108527.132,2,3.33,0,0,1851606760,1949992353792
Egypt,818,EGY,2014,305595408895.265,1,.37,1,.37,1159516629,1959234633728
Egypt,818,EGY,2015,329366576819.407,3,1.78,3,1.78,917844080,1679564341248
Egypt,818,EGY,2016,332441717791.411,2,1.97,2,1.97,553212429,1587920633856
Egypt,818,EGY,2017,235733695652.174,3,3.63,3,3.63,1341934131,1843792969728
Egypt,818,EGY,2018,249712999437.254,6,4.35,6,4.35,1834527721,2134982656000
Egypt,818,EGY,2019,303080865603.645,2,1.69,2,1.69,996819311,2068950286336
Equatorial Guinea,226,GNQ,2005,8217369092.65224,0,0,0,0,1437833974,659952762880
Equatorial Guinea,226,GNQ,2006,10086528698.8604,0,0,0,0,2537591664,791460839424
Equatorial Guinea,226,GNQ,2007,13071718758.7373,1,.65,0,0,1697283346,956115451904
Equatorial Guinea,226,GNQ,2008,19749893536.3204,0,0,0,0,2267871882,1132562219008
Equatorial Guinea,226,GNQ,2009,15027795173.2187,2,.24,0,0,1055071473,1005555220480
Equatorial Guinea,226,GNQ,2010,16314443428.9408,1,.32,0,0,598657025,1396001603584
Equatorial Guinea,226,GNQ,2011,21357343681.8966,0,0,0,0,1672947440,1743394832384
Equatorial Guinea,226,GNQ,2012,22388344123.9916,0,0,0,0,1822803333,1818199195648
Equatorial Guinea,226,GNQ,2013,21948834290.3538,6,1.35,2,.48,2469917950,1949992353792
Equatorial Guinea,226,GNQ,2014,21765453087.4795,3,.8,3,.8,3217190248,1959234633728
Equatorial Guinea,226,GNQ,2015,13185496881.4055,0,0,0,0,1166496464,1679564341248
Equatorial Guinea,226,GNQ,2016,11240808846.6928,0,0,0,0,631851506,1587920633856
Equatorial Guinea,226,GNQ,2017,12200913887.6419,0,0,0,0,1483835026,1843792969728
Equatorial Guinea,226,GNQ,2018,13097012189.3995,0,0,0,0,2131555877,2134982656000
Equatorial Guinea,226,GNQ,2019,11417278044.9859,0,0,0,0,1723012432,2068950286336
Eritrea,232,ERI,2005,1098425900.74116,0,0,0,0,408408,659952762880
Eritrea,232,ERI,2006,1211161879.6748,0,0,0,0,708114,791460839424
Eritrea,232,ERI,2007,1317974491.05691,0,0,0,0,2518680,956115451904
Eritrea,232,ERI,2008,1380188800,0,0,0,0,2473851,1132562219008
Eritrea,232,ERI,2009,1856695551.21951,0,0,0,0,422234,1005555220480
Eritrea,232,ERI,2010,1589515447.15447,0,0,0,0,1054121,1396001603584
Eritrea,232,ERI,2011,2065001626.01626,0,0,0,0,870583,1743394832384
Eritrea,232,ERI,2012,,0,0,0,0,1259387,1818199195648
Eritrea,232,ERI,2013,,0,0,0,0,50934222,1949992353792
Eritrea,232,ERI,2014,,2,.5,0,0,321685183,1959234633728
Eritrea,232,ERI,2015,,0,0,0,0,178730319,1679564341248
Eritrea,232,ERI,2016,,0,0,0,0,175474877,1587920633856
Eritrea,232,ERI,2017,,0,0,0,0,170690324,1843792969728
Eritrea,232,ERI,2018,,0,0,0,0,314577955,2134982656000
Eritrea,232,ERI,2019,,0,0,0,0,209891680,2068950286336
Ethiopia,231,ETH,2005,12401139453.9738,0,0,0,0,85708980,659952762880
Ethiopia,231,ETH,2006,15280861834.6024,3,2.66,0,0,131823476,791460839424
Ethiopia,231,ETH,2007,19707616772.7996,1,.15,0,0,87130422,956115451904
Ethiopia,231,ETH,2008,27066912635.2228,1,.12,0,0,81656179,1132562219008
Ethiopia,231,ETH,2009,32437389116.038,3,3.48,0,0,214755559,1005555220480
Ethiopia,231,ETH,2010,29933790334.3418,2,.64,0,0,273970311,1396001603584
Ethiopia,231,ETH,2011,31952763089.33,4,1,0,0,292059109,1743394832384
Ethiopia,231,ETH,2012,43310721414.0829,2,1.8,0,0,309365546,1818199195648
Ethiopia,231,ETH,2013,47648211133.2183,5,5.74,1,2.46,315687550,1949992353792
Ethiopia,231,ETH,2014,55612228233.5179,6,2.1,6,2.1,489953733,1959234633728
Ethiopia,231,ETH,2015,64589334978.8013,5,1.15,5,1.15,380349712,1679564341248
Ethiopia,231,ETH,2016,74296618481.0882,9,2.97,9,2.97,419419894,1587920633856
Ethiopia,231,ETH,2017,81770791970.98199,6,.9399999999999999,6,.9399999999999999,357582736,1843792969728
Ethiopia,231,ETH,2018,84269348327.3454,4,.84,4,.84,345312966,2134982656000
Ethiopia,231,ETH,2019,95912590628.1412,5,.9100000000000001,5,.9100000000000001,343910798,2068950286336
Gabon,266,GAB,2005,9582783318.3881,0,0,0,0,351678008,659952762880
Gabon,266,GAB,2006,10327598800.6713,0,0,0,0,816760812,791460839424
Gabon,266,GAB,2007,12455410055.7483,0,0,0,0,1095733303,956115451904
Gabon,266,GAB,2008,15571349775.7848,2,.6000000000000001,0,0,1792612751,1132562219008
Gabon,266,GAB,2009,12113699660.6799,1,.14,0,0,713886110,1005555220480
Gabon,266,GAB,2010,14372591916.4792,0,0,0,0,969744221,1396001603584
Gabon,266,GAB,2011,18210308748.2912,0,0,0,0,577975724,1743394832384
Gabon,266,GAB,2012,17170465294.0332,1,.66,0,0,618094168,1818199195648
Gabon,266,GAB,2013,17595745653.3676,1,.12,0,0,898643501,1949992353792
Gabon,266,GAB,2014,18203968001.8908,0,0,0,0,1607934704,1959234633728
Gabon,266,GAB,2015,14383107714.0388,1,.1,1,.1,1100194341,1679564341248
Gabon,266,GAB,2016,14023890620.3384,0,0,0,0,1439078974,1587920633856
Gabon,266,GAB,2017,14929488770.7315,0,0,0,0,2293610995,1843792969728
Gabon,266,GAB,2018,16867325126.5423,1,.2,1,.2,2964328252,2134982656000
Gabon,266,GAB,2019,16874405839.7948,0,0,0,0,4612508259,2068950286336
Gambia,270,GMB,2005,1027702254.38664,0,0,0,0,170378,659952762880
Gambia,270,GMB,2006,1054113426.70947,0,0,0,0,445849,791460839424
Gambia,270,GMB,2007,1279704744.82781,0,0,0,0,8688261,956115451904
Gambia,270,GMB,2008,1561763437.0325,0,0,0,0,3164165,1132562219008
Gambia,270,GMB,2009,1450140385.97229,0,0,0,0,6639505,1005555220480
Gambia,270,GMB,2010,1543292392.54605,0,0,0,0,14998147,1396001603584
Gambia,270,GMB,2011,1409694553.90934,0,0,0,0,54101423,1743394832384
Gambia,270,GMB,2012,1415006238.09509,0,0,0,0,84712711,1818199195648
Gambia,270,GMB,2013,1375608956.10386,0,0,0,0,77977808,1949992353792
Gambia,270,GMB,2014,1229460601.92174,0,0,0,0,37932266,1959234633728
Gambia,270,GMB,2015,1378176868.31568,0,0,0,0,55789251,1679564341248
Gambia,270,GMB,2016,1484579844.37143,0,0,0,0,90094547,1587920633856
Gambia,270,GMB,2017,1504909753.28746,0,0,0,0,99052161,1843792969728
Gambia,270,GMB,2018,1670670668.5939,0,0,0,0,20062361,2134982656000
Gambia,270,GMB,2019,1812529104.61923,0,0,0,0,71443478,2068950286336
Ghana,288,GHA,2005,10744675209.8984,0,0,0,0,96006327,659952762880
Ghana,288,GHA,2006,20440893017.1566,0,0,0,0,79677895,791460839424
Ghana,288,GHA,2007,24827844949.6033,2,.8,0,0,53522024,956115451904
Ghana,288,GHA,2008,28678701891.0957,0,0,0,0,93400315,1132562219008
Ghana,288,GHA,2009,26048108185.0534,0,0,0,0,79622438,1005555220480
Ghana,288,GHA,2010,32197272797.2028,2,1.49,0,0,123382182,1396001603584
Ghana,288,GHA,2011,39337314809.9434,2,.37,0,0,363184865,1743394832384
Ghana,288,GHA,2012,41270954737.2459,5,1.74,0,0,643547980,1818199195648
Ghana,288,GHA,2013,62823043706.4702,2,.39,1,.24,1203330219,1949992353792
Ghana,288,GHA,2014,54782847752.5375,3,.72,3,.72,1452597286,1959234633728
Ghana,288,GHA,2015,49406568432.6711,3,1.49,3,1.49,1296470657,1679564341248
Ghana,288,GHA,2016,56165172898.8695,3,1.26,3,1.26,1309649870,1587920633856
Ghana,288,GHA,2017,60406382898.5174,1,.39,1,.39,1852939054,1843792969728
Ghana,288,GHA,2018,67299280679.563,1,.2,1,.2,2426140256,2134982656000
Ghana,288,GHA,2019,68337537815.7703,4,1.56,4,1.56,2543921249,2068950286336
Guinea,324,GIN,2005,2937071767.25576,0,0,0,0,3002054,659952762880
Guinea,324,GIN,2006,4220019242.74824,0,0,0,0,12281279,791460839424
Guinea,324,GIN,2007,6281917655.90249,0,0,0,0,92356843,956115451904
Guinea,324,GIN,2008,6964179193.84418,0,0,0,0,25302691,1132562219008
Guinea,324,GIN,2009,6716904568.76482,0,0,0,0,6239559,1005555220480
Guinea,324,GIN,2010,6853467857.61127,0,0,0,0,54997397,1396001603584
Guinea,324,GIN,2011,6785137172.77058,1,.45,0,0,15567159,1743394832384
Guinea,324,GIN,2012,7638045254.42864,1,1.35,0,0,10994622,1818199195648
Guinea,324,GIN,2013,8376613843.27265,1,.45,1,.45,84091702,1949992353792
Guinea,324,GIN,2014,8778473614.547279,2,2.51,2,2.51,41344714,1959234633728
Guinea,324,GIN,2015,8794202443.67366,2,1.62,2,1.62,25933184,1679564341248
Guinea,324,GIN,2016,8595955581.217871,1,.77,1,.77,630056941,1587920633856
Guinea,324,GIN,2017,10324668266.5921,0,0,0,0,1466753446,1843792969728
Guinea,324,GIN,2018,11857030336.5252,3,1,3,1,2246147769,2134982656000
Guinea,324,GIN,2019,13513809258.2131,5,3.63,5,3.63,2504860261,2068950286336
Guinea-Bissau,624,GNB,2005,587029054.444652,0,0,0,0,0,659952762880
Guinea-Bissau,624,GNB,2006,592365688.05204,0,0,0,0,64,791460839424
Guinea-Bissau,624,GNB,2007,696910810.918663,0,0,0,0,172994,956115451904
Guinea-Bissau,624,GNB,2008,868154708.520179,0,0,0,0,1242562,1132562219008
Guinea-Bissau,624,GNB,2009,830126469.986608,0,0,0,0,1617183,1005555220480
Guinea-Bissau,624,GNB,2010,849878424.225986,0,0,0,0,3862870,1396001603584
Guinea-Bissau,624,GNB,2011,1099818651.98114,0,0,0,0,4112691,1743394832384
Guinea-Bissau,624,GNB,2012,989271229.637162,0,0,0,0,6633460,1818199195648
Guinea-Bissau,624,GNB,2013,1046087417.96916,0,0,0,0,16827743,1949992353792
Guinea-Bissau,624,GNB,2014,1054915645.19654,1,.28,0,0,49956236,1959234633728
Guinea-Bissau,624,GNB,2015,1048229629.42039,0,0,0,0,17812428,1679564341248
Guinea-Bissau,624,GNB,2016,1179004941.22904,0,0,0,0,161227,1587920633856
Guinea-Bissau,624,GNB,2017,1350177127.5523,1,.17,0,0,402375,1843792969728
Guinea-Bissau,624,GNB,2018,1504630120.99275,0,0,0,0,7638682,2134982656000
Guinea-Bissau,624,GNB,2019,1439638443.38133,0,0,0,0,8402290,2068950286336
Kenya,404,KEN,2005,18737897744.7948,0,0,0,0,17652134,659952762880
Kenya,404,KEN,2006,25825524820.8064,0,0,0,0,24415593,791460839424
Kenya,404,KEN,2007,31958195182.2406,0,0,0,0,28111587,956115451904
Kenya,404,KEN,2008,35895153327.8497,0,0,0,0,34722717,1132562219008
Kenya,404,KEN,2009,42347217912.9176,0,0,0,0,29661843,1005555220480
Kenya,404,KEN,2010,45405587556.7313,2,.32,0,0,39207733,1396001603584
Kenya,404,KEN,2011,46869457318.2541,1,.35,0,0,59690991,1743394832384
Kenya,404,KEN,2012,56396706005.9435,6,6.569999999999999,0,0,52407939,1818199195648
Kenya,404,KEN,2013,61671425370.0235,1,.29,1,.29,52782890,1949992353792
Kenya,404,KEN,2014,68285768554.472,2,.58,2,.58,77039062,1959234633728
Kenya,404,KEN,2015,70120413328.7838,3,.54,3,.54,98743024,1679564341248
Kenya,404,KEN,2016,74815121314.9381,9,1.98,9,1.98,97135495,1587920633856
Kenya,404,KEN,2017,82035800868.187,5,2.87,5,2.87,166820240,1843792969728
Kenya,404,KEN,2018,92202956320.532,6,1.43,6,1.43,174199705,2134982656000
Kenya,404,KEN,2019,100555485831.944,4,1.15,4,1.15,181206692,2068950286336
Lesotho,426,LSO,2005,1682350934.85132,0,0,0,0,330851,659952762880
Lesotho,426,LSO,2006,1800105589.60349,0,0,0,0,1280328,791460839424
Lesotho,426,LSO,2007,1682016947.22798,0,0,0,0,1243660,956115451904
Lesotho,426,LSO,2008,1766825412.77296,0,0,0,0,1697862,1132562219008
Lesotho,426,LSO,2009,1740830510.87482,0,0,0,0,1682823,1005555220480
Lesotho,426,LSO,2010,2234731973.55119,0,0,0,0,4528932,1396001603584
Lesotho,426,LSO,2011,2579421686.24912,0,0,0,0,7410926,1743394832384
Lesotho,426,LSO,2012,2477702252.80078,0,0,0,0,5417903,1818199195648
Lesotho,426,LSO,2013,2367113170.00373,0,0,0,0,13412649,1949992353792
Lesotho,426,LSO,2014,2441053175.70743,0,0,0,0,12080519,1959234633728
Lesotho,426,LSO,2015,2359759799.04224,0,0,0,0,12002781,1679564341248
Lesotho,426,LSO,2016,2114323793.98266,0,0,0,0,19643940,1587920633856
Lesotho,426,LSO,2017,2306843528.52853,0,0,0,0,24846786,1843792969728
Lesotho,426,LSO,2018,2514146887.91664,1,.1,1,.1,30103860,2134982656000
Lesotho,426,LSO,2019,2366213068.57507,0,0,0,0,31273182,2068950286336
Liberia,430,LBR,2005,949000000,0,0,0,0,14170059,659952762880
Liberia,430,LBR,2006,1119000000,0,0,0,0,1928084,791460839424
Liberia,430,LBR,2007,1373000000,0,0,0,0,3277249,956115451904
Liberia,430,LBR,2008,1726000000,1,.11,0,0,5935699,1132562219008
Liberia,430,LBR,2009,1768000000,0,0,0,0,3959133,1005555220480
Liberia,430,LBR,2010,1998000000,0,0,0,0,22482685,1396001603584
Liberia,430,LBR,2011,2398000000,0,0,0,0,41244694,1743394832384
Liberia,430,LBR,2012,2791614000,1,.17,0,0,229945366,1818199195648
Liberia,430,LBR,2013,3177198100,0,0,0,0,164417515,1949992353792
Liberia,430,LBR,2014,3225652000,1,.16,1,.16,288449154,1959234633728
Liberia,430,LBR,2015,3227075700,0,0,0,0,172168095,1679564341248
Liberia,430,LBR,2016,3398419600,0,0,0,0,48171157,1587920633856
Liberia,430,LBR,2017,3390703400,1,.25,1,.25,28857194,1843792969728
Liberia,430,LBR,2018,3422754800,0,0,0,0,89245393,2134982656000
Liberia,430,LBR,2019,3319596500,0,0,0,0,112418837,2068950286336
Libya,434,LBY,2005,47334148578.4164,0,0,0,0,941718847,659952762880
Libya,434,LBY,2006,54961936662.6066,0,0,0,0,1693945966,791460839424
Libya,434,LBY,2007,67516236337.7158,0,0,0,0,1547495236,956115451904
Libya,434,LBY,2008,87140405361.2292,1,2.6,0,0,2588993333,1132562219008
Libya,434,LBY,2009,63028320702.0343,0,0,0,0,3173884051,1005555220480
Libya,434,LBY,2010,74773444900.5368,0,0,0,0,4515614893,1396001603584
Libya,434,LBY,2011,34699395523.6073,0,0,0,0,2063575283,1743394832384
Libya,434,LBY,2012,81873662518.82381,0,0,0,0,6375901670,1818199195648
Libya,434,LBY,2013,65502870173.7831,0,0,0,0,2038928004,1949992353792
Libya,434,LBY,2014,41142722414.3351,0,0,0,0,726370287,1959234633728
Libya,434,LBY,2015,27842131479.8726,0,0,0,0,951549550,1679564341248
Libya,434,LBY,2016,26197143268.1243,0,0,0,0,345620186,1587920633856
Libya,434,LBY,2017,37883243650.452,0,0,0,0,1362657776,1843792969728
Libya,434,LBY,2018,52607888717.9487,0,0,0,0,4742280287,2134982656000
Libya,434,LBY,2019,52091152228.3425,0,0,0,0,4765665081,2068950286336
Madagascar,450,MDG,2005,5859269849.14523,0,0,0,0,13997353,659952762880
Madagascar,450,MDG,2006,6395712392.23682,0,0,0,0,23810034,791460839424
Madagascar,450,MDG,2007,8524620739.24074,0,0,0,0,29662011,956115451904
Madagascar,450,MDG,2008,10725137930.8518,0,0,0,0,65171536,1132562219008
Madagascar,450,MDG,2009,9616879571.445089,1,.14,0,0,54821973,1005555220480
Madagascar,450,MDG,2010,9982711338.11125,0,0,0,0,105382497,1396001603584
Madagascar,450,MDG,2011,11551819617.6416,1,.15,0,0,103388560,1743394832384
Madagascar,450,MDG,2012,11578974887.9668,0,0,0,0,114442664,1818199195648
Madagascar,450,MDG,2013,12423555269.3948,0,0,0,0,173906315,1949992353792
Madagascar,450,MDG,2014,12522957228.1618,0,0,0,0,118076353,1959234633728
Madagascar,450,MDG,2015,11323020828.5844,1,.14,1,.14,171132242,1679564341248
Madagascar,450,MDG,2016,11848613735.1908,1,.27,1,.27,160793418,1587920633856
Madagascar,450,MDG,2017,13176313593.5418,0,0,0,0,227093068,1843792969728
Madagascar,450,MDG,2018,13760033096.5122,0,0,0,0,214706590,2134982656000
Madagascar,450,MDG,2019,14104664514.87,2,1.38,2,1.38,204556564,2068950286336
Malawi,454,MWI,2005,3655909664.1423,0,0,0,0,2067729,659952762880
Malawi,454,MWI,2006,3998020176.67364,0,0,0,0,985933,791460839424
Malawi,454,MWI,2007,4432937045.79897,0,0,0,0,758947,956115451904
Malawi,454,MWI,2008,5321012192.33619,0,0,0,0,8111324,1132562219008
Malawi,454,MWI,2009,6191127665.1963,0,0,0,0,16989942,1005555220480
Malawi,454,MWI,2010,6959655570.89098,0,0,0,0,31475698,1396001603584
Malawi,454,MWI,2011,8004000737.30717,0,0,0,0,46036472,1743394832384
Malawi,454,MWI,2012,6028487928.83351,1,.5,0,0,47503176,1818199195648
Malawi,454,MWI,2013,5518880768.57955,0,0,0,0,38420985,1949992353792
Malawi,454,MWI,2014,6047813437.31804,0,0,0,0,34142956,1959234633728
Malawi,454,MWI,2015,6373212640.84604,1,.21,0,0,29604640,1679564341248
Malawi,454,MWI,2016,5433040159.88747,1,.1,0,0,26116888,1587920633856
Malawi,454,MWI,2017,8943543677.18899,0,0,0,0,27326144,1843792969728
Malawi,454,MWI,2018,9880675785.930571,0,0,0,0,27355541,2134982656000
Malawi,454,MWI,2019,11025357837.607,0,0,0,0,15708173,2068950286336
Mali,466,MLI,2005,6247496491.29462,0,0,0,0,79250223,659952762880
Mali,466,MLI,2006,6905876385.35306,0,0,0,0,114239749,791460839424
Mali,466,MLI,2007,8156532185.6131,0,0,0,0,35895378,956115451904
Mali,466,MLI,2008,9838404004.932739,0,0,0,0,62951573,1132562219008
Mali,466,MLI,2009,10232036863.4247,3,.6899999999999999,0,0,37048736,1005555220480
Mali,466,MLI,2010,10689167195.3375,0,0,0,0,70410720,1396001603584
Mali,466,MLI,2011,12995113407.2335,0,0,0,0,149594717,1743394832384
Mali,466,MLI,2012,12442036265.1484,0,0,0,0,331685364,1818199195648
Mali,466,MLI,2013,13242691429.5942,0,0,0,0,152467771,1949992353792
Mali,466,MLI,2014,14364937996.8661,0,0,0,0,95650517,1959234633728
Mali,466,MLI,2015,13104764333.9941,3,1.69,3,1.69,92988512,1679564341248
Mali,466,MLI,2016,14026048690.7312,0,0,0,0,98701243,1587920633856
Mali,466,MLI,2017,15365714371.3316,0,0,0,0,67877242,1843792969728
Mali,466,MLI,2018,17070866299.0945,0,0,0,0,88509008,2134982656000
Mali,466,MLI,2019,17280251193.9527,0,0,0,0,160643783,2068950286336
Mauritania,478,MRT,2005,2936019525.60241,1,.17,0,0,4057497,659952762880
Mauritania,478,MRT,2006,3919577285.92703,0,0,0,0,402016196,791460839424
Mauritania,478,MRT,2007,4346206808.54026,0,0,0,0,569380827,956115451904
Mauritania,478,MRT,2008,5206444406.66154,1,.29,0,0,1044138410,1132562219008
Mauritania,478,MRT,2009,4714592492.92972,0,0,0,0,853928225,1005555220480
Mauritania,478,MRT,2010,5628882266.37767,4,.55,0,0,967033350,1396001603584
Mauritania,478,MRT,2011,6764635686.79345,0,0,0,0,1517037125,1743394832384
Mauritania,478,MRT,2012,6728208836.22143,0,0,0,0,1468673986,1818199195648
Mauritania,478,MRT,2013,7223063169.72749,0,0,0,0,1728521684,1949992353792
Mauritania,478,MRT,2014,6592537781.81518,0,0,0,0,1168129597,1959234633728
Mauritania,478,MRT,2015,6166857628.62212,0,0,0,0,718069947,1679564341248
Mauritania,478,MRT,2016,6398744505.08129,0,0,0,0,747559054,1587920633856
Mauritania,478,MRT,2017,6799075418.99441,0,0,0,0,786505331,1843792969728
Mauritania,478,MRT,2018,7354430040.11966,0,0,0,0,858209574,2134982656000
Mauritania,478,MRT,2019,7889662452.16785,0,0,0,0,915854545,2068950286336
Mauritius,480,MUS,2005,6488750452.60067,0,0,0,0,8277382,659952762880
Mauritius,480,MUS,2006,7028803365.70151,0,0,0,0,7326333,791460839424
Mauritius,480,MUS,2007,8150138757.15741,0,0,0,0,5024954,956115451904
Mauritius,480,MUS,2008,9990370016.307711,0,0,0,0,5705495,1132562219008
Mauritius,480,MUS,2009,9128843109.15588,1,.74,0,0,6025685,1005555220480
Mauritius,480,MUS,2010,10003670690.3497,0,0,0,0,10099302,1396001603584
Mauritius,480,MUS,2011,11518393367.2403,2,.41,0,0,9686573,1743394832384
Mauritius,480,MUS,2012,11668685524.1265,0,0,0,0,10713018,1818199195648
Mauritius,480,MUS,2013,12129642296.4425,0,0,0,0,12868086,1949992353792
Mauritius,480,MUS,2014,12803445933.5894,0,0,0,0,14199908,1959234633728
Mauritius,480,MUS,2015,11692287066.381,0,0,0,0,15335043,1679564341248
Mauritius,480,MUS,2016,12232463655.5727,0,0,0,0,19707669,1587920633856
Mauritius,480,MUS,2017,13259351418.4459,0,0,0,0,22435009,1843792969728
Mauritius,480,MUS,2018,14181951058.5129,1,.32,0,0,37456583,2134982656000
Mauritius,480,MUS,2019,14045808843.221,0,0,0,0,38861698,2068950286336
Morocco,504,MAR,2005,62343022650.8742,0,0,0,0,277448396,659952762880
Morocco,504,MAR,2006,68640825480.9223,0,0,0,0,359406340,791460839424
Morocco,504,MAR,2007,79041294874.45531,0,0,0,0,423891838,956115451904
Morocco,504,MAR,2008,92507257783.5697,1,.26,0,0,461058836,1132562219008
Morocco,504,MAR,2009,92897320375.8176,0,0,0,0,375013702,1005555220480
Morocco,504,MAR,2010,93216746661.5977,2,.42,0,0,452321985,1396001603584
Morocco,504,MAR,2011,101370474295.109,0,0,0,0,475627503,1743394832384
Morocco,504,MAR,2012,98266306615.3632,0,0,0,0,558415936,1818199195648
Morocco,504,MAR,2013,106825649872.108,1,.36,0,0,531428150,1949992353792
Morocco,504,MAR,2014,110081248587.369,0,0,0,0,518503700,1959234633728
Morocco,504,MAR,2015,101179808076.36,0,0,0,0,521521041,1679564341248
Morocco,504,MAR,2016,103311649248.024,0,0,0,0,553456726,1587920633856
Morocco,504,MAR,2017,109682728023.112,3,.87,3,.87,650597142,1843792969728
Morocco,504,MAR,2018,118096227400.092,0,0,0,0,711067910,2134982656000
Morocco,504,MAR,2019,119870439113.662,1,.39,1,.39,635507241,2068950286336
Mozambique,508,MOZ,2005,8542070109.70903,0,0,0,0,73527324,659952762880
Mozambique,508,MOZ,2006,9176889070.422979,0,0,0,0,79772228,791460839424
Mozambique,508,MOZ,2007,10450843291.2931,0,0,0,0,124248069,956115451904
Mozambique,508,MOZ,2008,12556195188.5962,1,.15,0,0,125882374,1132562219008
Mozambique,508,MOZ,2009,11914471497.1492,0,0,0,0,177554369,1005555220480
Mozambique,508,MOZ,2010,11104648673.0016,0,0,0,0,201077529,1396001603584
Mozambique,508,MOZ,2011,14381552432.9494,2,.72,0,0,257241199,1743394832384
Mozambique,508,MOZ,2012,16350804543.0515,4,1.96,0,0,403320479,1818199195648
Mozambique,508,MOZ,2013,16974320551.0213,3,4.930000000000001,1,.4,454874745,1949992353792
Mozambique,508,MOZ,2014,17716084107.5888,1,.61,1,.61,1649822358,1959234633728
Mozambique,508,MOZ,2015,15950969018.9458,3,.72,3,.72,452616050,1679564341248
Mozambique,508,MOZ,2016,11936999283.1791,0,0,0,0,479356871,1587920633856
Mozambique,508,MOZ,2017,13219084261.3664,2,1.32,2,1.32,528715219,1843792969728
Mozambique,508,MOZ,2018,14845870050.7092,0,0,0,0,651383583,2134982656000
Mozambique,508,MOZ,2019,15384701797.9863,0,0,0,0,711718696,2068950286336
Namibia,516,NAM,2005,7248394160.35502,0,0,0,0,76388557,659952762880
Namibia,516,NAM,2006,8001779551.06323,0,0,0,0,121857253,791460839424
Namibia,516,NAM,2007,8839526451.576321,0,0,0,0,157658600,956115451904
Namibia,516,NAM,2008,8607475308.11833,0,0,0,0,282178095,1132562219008
Namibia,516,NAM,2009,8938868165.391649,0,0,0,0,312381018,1005555220480
Namibia,516,NAM,2010,11431334447.4305,0,0,0,0,481495479,1396001603584
Namibia,516,NAM,2011,12523402328.7671,0,0,0,0,224481187,1743394832384
Namibia,516,NAM,2012,13042007432.4489,0,0,0,0,241267602,1818199195648
Namibia,516,NAM,2013,12043276397.1652,1,.3,1,.3,257700065,1949992353792
Namibia,516,NAM,2014,12435416060.2791,3,2.47,3,2.47,317341357,1959234633728
Namibia,516,NAM,2015,11335179562.0211,1,.27,1,.27,211633751,1679564341248
Namibia,516,NAM,2016,10721994676.6562,0,0,0,0,165784709,1587920633856
Namibia,516,NAM,2017,12895153160.466,0,0,0,0,297541347,1843792969728
Namibia,516,NAM,2018,13682062249.2236,1,.11,1,.11,502981416,2134982656000
Namibia,516,NAM,2019,12496781719.7752,0,0,0,0,511605669,2068950286336
Niger,562,NER,2005,4383315656.99096,0,0,0,0,650,659952762880
Niger,562,NER,2006,4756361479.98873,0,0,0,0,927096,791460839424
Niger,562,NER,2007,5731485267.33492,1,.16,0,0,45163,956115451904
Niger,562,NER,2008,7297600896.86099,1,.19,0,0,67877,1132562219008
Niger,562,NER,2009,7352131669.2941,0,0,0,0,48017,1005555220480
Niger,562,NER,2010,7851191899.3408,1,4.99,0,0,170645,1396001603584
Niger,562,NER,2011,8772951261.818069,1,.27,0,0,2105116,1743394832384
Niger,562,NER,2012,9426913349.22319,0,0,0,0,37163478,1818199195648
Niger,562,NER,2013,10224897934.722,1,.13,0,0,15875365,1949992353792
Niger,562,NER,2014,10862944203.5591,0,0,0,0,79123315,1959234633728
Niger,562,NER,2015,9683867893.68343,1,.14,1,.14,140993156,1679564341248
Niger,562,NER,2016,10398862244.9737,0,0,0,0,124236123,1587920633856
Niger,562,NER,2017,11185102399.5762,0,0,0,0,99078835,1843792969728
Niger,562,NER,2018,12808660528.0617,0,0,0,0,171113154,2134982656000
Niger,562,NER,2019,12916455161.1081,2,1.48,2,1.48,223868036,2068950286336
Nigeria,566,NGA,2005,176134087150.341,0,0,0,0,526879258,659952762880
Nigeria,566,NGA,2006,236103982431.635,2,2.38,0,0,277747279,791460839424
Nigeria,566,NGA,2007,275625684968.615,1,.6899999999999999,0,0,537080321,956115451904
Nigeria,566,NGA,2008,339476215683.592,4,3.43,0,0,508380981,1132562219008
Nigeria,566,NGA,2009,295008767295.038,1,.85,0,0,896525833,1005555220480
Nigeria,566,NGA,2010,361456622215.721,3,.74,0,0,1071622397,1396001603584
Nigeria,566,NGA,2011,404993594133.582,0,0,0,0,1583680065,1743394832384
Nigeria,566,NGA,2012,455501524575.498,4,3.73,0,0,1273793010,1818199195648
Nigeria,566,NGA,2013,508692961937.492,7,3.96,3,2.11,1546602880,1949992353792
Nigeria,566,NGA,2014,546676374567.721,2,1.89,2,1.89,2656039313,1959234633728
Nigeria,566,NGA,2015,486803295097.89,2,.97,2,.97,1240700780,1679564341248
Nigeria,566,NGA,2016,404650006428.613,4,2.37,4,2.37,907008025,1587920633856
Nigeria,566,NGA,2017,375746469538.666,4,3.33,4,3.33,1624049602,1843792969728
Nigeria,566,NGA,2018,397190484464.308,7,3.13,7,3.13,1858993874,2134982656000
Nigeria,566,NGA,2019,448120428858.769,7,8.94,7,8.94,2652140184,2068950286336
Rwanda,646,RWA,2005,2932213574.70995,0,0,0,0,11532034,659952762880
Rwanda,646,RWA,2006,3317951468.37027,0,0,0,0,21887575,791460839424
Rwanda,646,RWA,2007,4068065928.6413,0,0,0,0,23634316,956115451904
Rwanda,646,RWA,2008,5177015141.48246,0,0,0,0,29578975,1132562219008
Rwanda,646,RWA,2009,5671332137.79866,0,0,0,0,25698019,1005555220480
Rwanda,646,RWA,2010,6121234528.98826,0,0,0,0,38673597,1396001603584
Rwanda,646,RWA,2011,6881038269.61727,0,0,0,0,78129350,1743394832384
Rwanda,646,RWA,2012,7650300319.83,1,.12,0,0,71465454,1818199195648
Rwanda,646,RWA,2013,7815599502.65683,0,0,0,0,108449744,1949992353792
Rwanda,646,RWA,2014,8241332516.54991,0,0,0,0,91891454,1959234633728
Rwanda,646,RWA,2015,8539048447.78065,2,.46,2,.46,43535650,1679564341248
Rwanda,646,RWA,2016,8690485823.14546,0,0,0,0,33140091,1587920633856
Rwanda,646,RWA,2017,9253098954.277691,2,.25,2,.25,28879228,1843792969728
Rwanda,646,RWA,2018,9640280084.195721,1,.13,1,.13,39959232,2134982656000
Rwanda,646,RWA,2019,10355974217.3735,0,0,0,0,35063293,2068950286336
Sao Tome and Principe,678,STP,2005,136450274.673234,0,0,0,0,0,659952762880
Sao Tome and Principe,678,STP,2006,142775597.255916,0,0,0,0,0,791460839424
Sao Tome and Principe,678,STP,2007,149146423.083742,0,0,0,0,0,956115451904
Sao Tome and Principe,678,STP,2008,188021190.592847,0,0,0,0,17127,1132562219008
Sao Tome and Principe,678,STP,2009,187820464.571058,0,0,0,0,4280,1005555220480
Sao Tome and Principe,678,STP,2010,196652514.267255,0,0,0,0,10397,1396001603584
Sao Tome and Principe,678,STP,2011,231489270.144529,0,0,0,0,1639,1743394832384
Sao Tome and Principe,678,STP,2012,250680845.747837,0,0,0,0,43026,1818199195648
Sao Tome and Principe,678,STP,2013,300554483.611626,0,0,0,0,2464,1949992353792
Sao Tome and Principe,678,STP,2014,346528329.183227,0,0,0,0,474,1959234633728
Sao Tome and Principe,678,STP,2015,316066072.343754,0,0,0,0,33209,1679564341248
Sao Tome and Principe,678,STP,2016,345495614.979982,0,0,0,0,17722,1587920633856
Sao Tome and Principe,678,STP,2017,375614126.193877,0,0,0,0,710,1843792969728
Sao Tome and Principe,678,STP,2018,412253809.728799,0,0,0,0,50019,2134982656000
Sao Tome and Principe,678,STP,2019,427425039.684339,0,0,0,0,13623,2068950286336
Senegal,686,SEN,2005,11009032665.3876,0,0,0,0,7879753,659952762880
Senegal,686,SEN,2006,11697918802.7922,0,0,0,0,9360558,791460839424
Senegal,686,SEN,2007,13994218939.2431,0,0,0,0,22530569,956115451904
Senegal,686,SEN,2008,16853991176.9058,0,0,0,0,4969956,1132562219008
Senegal,686,SEN,2009,16145868284.5645,1,.14,0,0,41975233,1005555220480
Senegal,686,SEN,2010,16121314670.9653,0,0,0,0,51160113,1396001603584
Senegal,686,SEN,2011,17814284622.1718,0,0,0,0,68708685,1743394832384
Senegal,686,SEN,2012,17660871725.9977,1,.35,0,0,51356315,1818199195648
Senegal,686,SEN,2013,18918668644.1941,0,0,0,0,39730171,1949992353792
Senegal,686,SEN,2014,19797254643.1212,0,0,0,0,47019450,1959234633728
Senegal,686,SEN,2015,17774766636.0459,2,1.83,2,1.83,111659841,1679564341248
Senegal,686,SEN,2016,19040312815.1337,1,.7,1,.7,161589461,1587920633856
Senegal,686,SEN,2017,20996564751.5994,1,1.08,1,1.08,149698902,1843792969728
Senegal,686,SEN,2018,23116699808.1723,1,.47,1,.47,128508972,2134982656000
Senegal,686,SEN,2019,23306213742.3602,1,.1,1,.1,300981829,2068950286336
Seychelles,690,SYC,2005,919103254.545455,0,0,0,0,9776,659952762880
Seychelles,690,SYC,2006,1016418229.25159,0,0,0,0,597996,791460839424
Seychelles,690,SYC,2007,1033561654.0568,0,0,0,0,4460195,956115451904
Seychelles,690,SYC,2008,967199593.960157,0,0,0,0,3684019,1132562219008
Seychelles,690,SYC,2009,847397850.094417,0,0,0,0,31238,1005555220480
Seychelles,690,SYC,2010,969936525.2987289,0,0,0,0,11281,1396001603584
Seychelles,690,SYC,2011,1065826669.89742,0,0,0,0,321691,1743394832384
Seychelles,690,SYC,2012,1060226125.62616,0,0,0,0,262715,1818199195648
Seychelles,690,SYC,2013,1328157608.83087,0,0,0,0,401846,1949992353792
Seychelles,690,SYC,2014,1343007845.04468,0,0,0,0,196653,1959234633728
Seychelles,690,SYC,2015,1377495054.04127,0,0,0,0,99638,1679564341248
Seychelles,690,SYC,2016,1426651768.82189,0,0,0,0,74900,1587920633856
Seychelles,690,SYC,2017,1528242026.36264,0,0,0,0,1473781,1843792969728
Seychelles,690,SYC,2018,1547690759.44363,0,0,0,0,25219,2134982656000
Seychelles,690,SYC,2019,1582841058.89479,0,0,0,0,68075,2068950286336
Sierra Leone,694,SLE,2005,1650494366.99875,0,0,0,0,1360541,659952762880
Sierra Leone,694,SLE,2006,1885112201.85278,0,0,0,0,978994,791460839424
Sierra Leone,694,SLE,2007,2158496872.85796,0,0,0,0,5705426,956115451904
Sierra Leone,694,SLE,2008,2505458705.03338,0,0,0,0,5316608,1132562219008
Sierra Leone,694,SLE,2009,2453899846.88317,0,0,0,0,10541270,1005555220480
Sierra Leone,694,SLE,2010,2578026297.15912,2,.37,0,0,10770079,1396001603584
Sierra Leone,694,SLE,2011,2942546781.04548,2,1.98,0,0,28002729,1743394832384
Sierra Leone,694,SLE,2012,3801862611.36414,0,0,0,0,502909238,1818199195648
Sierra Leone,694,SLE,2013,4920343194.99339,1,1.7,0,0,1452659069,1949992353792
Sierra Leone,694,SLE,2014,5015157815.73406,1,.71,1,.71,1678695703,1959234633728
Sierra Leone,694,SLE,2015,4218723875.1379,1,.77,1,.77,164822246,1679564341248
Sierra Leone,694,SLE,2016,3674794530.18956,1,.16,1,.16,239555533,1587920633856
Sierra Leone,694,SLE,2017,3719369107.34992,0,0,0,0,338017772,1843792969728
Sierra Leone,694,SLE,2018,4085114794.22324,1,.3,1,.3,177190566,2134982656000
Sierra Leone,694,SLE,2019,4076578542.56207,0,0,0,0,197454926,2068950286336
Somalia,706,SOM,2005,,0,0,0,0,3074312,659952762880
Somalia,706,SOM,2006,,0,0,0,0,3064836,791460839424
Somalia,706,SOM,2007,,0,0,0,0,1722790,956115451904
Somalia,706,SOM,2008,,0,0,0,0,188568,1132562219008
Somalia,706,SOM,2009,,0,0,0,0,550224,1005555220480
Somalia,706,SOM,2010,,0,0,0,0,1697302,1396001603584
Somalia,706,SOM,2011,,0,0,0,0,5796227,1743394832384
Somalia,706,SOM,2012,,0,0,0,0,3103929,1818199195648
Somalia,706,SOM,2013,4574495666.99486,0,0,0,0,16339552,1949992353792
Somalia,706,SOM,2014,5021956321.11861,0,0,0,0,29879858,1959234633728
Somalia,706,SOM,2015,5331761394.25501,0,0,0,0,24711520,1679564341248
Somalia,706,SOM,2016,5529873479.87153,0,0,0,0,10958159,1587920633856
Somalia,706,SOM,2017,5609000000,0,0,0,0,11803184,1843792969728
Somalia,706,SOM,2018,5850677295.69858,0,0,0,0,16552250,2134982656000
Somalia,706,SOM,2019,6476674591.87348,0,0,0,0,18637689,2068950286336
South Africa,710,ZAF,2005,288868489078.987,0,0,0,0,3443051908,659952762880
South Africa,710,ZAF,2006,303860874149.007,1,.23,0,0,4085358057,791460839424
South Africa,710,ZAF,2007,333075462599.71,1,5.6,0,0,6618094263,956115451904
South Africa,710,ZAF,2008,316132138757.081,0,0,0,0,9234972954,1132562219008
South Africa,710,ZAF,2009,329753048857.052,0,0,0,0,8693253033,1005555220480
South Africa,710,ZAF,2010,417365076968.257,4,.8300000000000001,0,0,14896422261,1396001603584
South Africa,710,ZAF,2011,458201514136.977,4,2.33,0,0,32095190401,1743394832384
South Africa,710,ZAF,2012,434400545085.811,2,.48,0,0,44653737210,1818199195648
South Africa,710,ZAF,2013,400886013595.573,1,.11,1,.11,48388425446,1949992353792
South Africa,710,ZAF,2014,381198869776.106,1,.23,1,.23,44568129974,1959234633728
South Africa,710,ZAF,2015,346709790458.563,2,.49,2,.49,30151410452,1679564341248
South Africa,710,ZAF,2016,323585509674.481,1,.52,1,.52,22228893549,1587920633856
South Africa,710,ZAF,2017,381448814653.456,1,1.23,1,1.23,24388596208,1843792969728
South Africa,710,ZAF,2018,404842116738.074,2,1.63,2,1.63,27239784367,2134982656000
South Africa,710,ZAF,2019,387934574098.17,0,0,0,0,25931258402,2068950286336
South Sudan,728,SSD,2005,,0,0,0,0,0,659952762880
South Sudan,728,SSD,2006,,0,0,0,0,0,791460839424
South Sudan,728,SSD,2007,,0,0,0,0,0,956115451904
South Sudan,728,SSD,2008,14586253383.0632,0,0,0,0,0,1132562219008
South Sudan,728,SSD,2009,12231264525.0671,0,0,0,0,0,1005555220480
South Sudan,728,SSD,2010,14602072410.9506,0,0,0,0,0,1396001603584
South Sudan,728,SSD,2011,14907308932.7534,0,0,0,0,0,1743394832384
South Sudan,728,SSD,2012,11931472169.4915,3,1.77,0,0,499465321,1818199195648
South Sudan,728,SSD,2013,18426469016.9492,2,.34,0,0,2468344369,1949992353792
South Sudan,728,SSD,2014,13962212847.4576,2,2.2,2,2.2,4329242102,1959234633728
South Sudan,728,SSD,2015,11997800760.2242,1,.38,1,.38,2326886670,1679564341248
South Sudan,728,SSD,2016,,0,0,0,0,1459751408,1587920633856
South Sudan,728,SSD,2017,,0,0,0,0,1270049729,1843792969728
South Sudan,728,SSD,2018,,1,.21,1,.21,1588451879,2134982656000
South Sudan,728,SSD,2019,,0,0,0,0,1510937925,2068950286336
Sudan,729,SDN,2005,35182105414.3919,1,.1,0,0,2614461953,659952762880
Sudan,729,SDN,2006,45264519502.6479,0,0,0,0,1943481721,791460839424
Sudan,729,SDN,2007,59440139774.8128,0,0,0,0,4171239208,956115451904
Sudan,729,SDN,2008,64831935604.2484,3,.6100000000000001,0,0,6325889462,1132562219008
Sudan,729,SDN,2009,51621044076.9231,5,.9500000000000001,0,0,4684821913,1005555220480
Sudan,729,SDN,2010,58962978034.4828,4,2.24,0,0,6671907016,1396001603584
Sudan,729,SDN,2011,55018567210.5263,3,.47,0,0,9541533519,1743394832384
Sudan,729,SDN,2012,37632919966.6667,1,.32,0,0,1554266756,1818199195648
Sudan,729,SDN,2013,43024018082.1918,1,.7,0,0,2100023168,1949992353792
Sudan,729,SDN,2014,49516748617.9775,1,1.45,1,1.45,1521311547,1959234633728
Sudan,729,SDN,2015,51726758676.7677,0,0,0,0,728393540,1679564341248
Sudan,729,SDN,2016,42630376000,0,0,0,0,504705986,1587920633856
Sudan,729,SDN,2017,41283617976.1905,0,0,0,0,590797659,1843792969728
Sudan,729,SDN,2018,30964349684.7059,0,0,0,0,670034618,2134982656000
Sudan,729,SDN,2019,26155799324.8663,0,0,0,0,740419527,2068950286336
Swaziland,748,SWZ,2005,3178126491.90949,0,0,0,0,23180995,659952762880
Swaziland,748,SWZ,2006,3291353835.93,0,0,0,0,24822266,791460839424
Swaziland,748,SWZ,2007,3469363996.36642,0,0,0,0,19332267,956115451904
Swaziland,748,SWZ,2008,3294093485.20796,0,0,0,0,11279708,1132562219008
Swaziland,748,SWZ,2009,3580417066.92472,0,0,0,0,15107888,1005555220480
Swaziland,748,SWZ,2010,4438778424.30203,0,0,0,0,2504232,1396001603584
Swaziland,748,SWZ,2011,4820499924.2539,0,0,0,0,343796,1743394832384
Swaziland,748,SWZ,2012,4886533032.88672,0,0,0,0,100381091,1818199195648
Swaziland,748,SWZ,2013,4597532029.70451,0,0,0,0,115071552,1949992353792
Swaziland,748,SWZ,2014,4422968339.67584,0,0,0,0,46111006,1959234633728
Swaziland,748,SWZ,2015,4063245671.29285,0,0,0,0,289264,1679564341248
Swaziland,748,SWZ,2016,3816022046.82656,0,0,0,0,328349,1587920633856
Swaziland,748,SWZ,2017,4402969225.92165,0,0,0,0,4337359,1843792969728
Swaziland,748,SWZ,2018,4665420238.51784,0,0,0,0,27459866,2134982656000
Swaziland,748,SWZ,2019,4495679480.96886,0,0,0,0,765659,2068950286336
Tanzania,834,TZA,2005,18399046025.2688,0,0,0,0,170717677,659952762880
Tanzania,834,TZA,2006,18649590248.2626,0,0,0,0,152678108,791460839424
Tanzania,834,TZA,2007,21843529024.9154,1,.16,0,0,203599842,956115451904
Tanzania,834,TZA,2008,27941177434.5087,0,0,0,0,131588471,1132562219008
Tanzania,834,TZA,2009,29081425282.2949,1,.16,0,0,195968354,1005555220480
Tanzania,834,TZA,2010,32014249841.4151,0,0,0,0,406945183,1396001603584
Tanzania,834,TZA,2011,34657139495.4031,3,.9399999999999999,0,0,489896901,1743394832384
Tanzania,834,TZA,2012,39650530214.3287,1,.14,0,0,379281002,1818199195648
Tanzania,834,TZA,2013,45680532613.7591,4,1.43,4,1.43,552548245,1949992353792
Tanzania,834,TZA,2014,49964788814.0926,3,1.74,3,1.74,435101902,1959234633728
Tanzania,834,TZA,2015,47378599025.3044,2,4.1,2,4.1,377844200,1679564341248
Tanzania,834,TZA,2016,49774021003.0748,0,0,0,0,315826807,1587920633856
Tanzania,834,TZA,2017,53320625958.5628,2,.46,2,.46,335859050,1843792969728
Tanzania,834,TZA,2018,57003713610.7625,3,.54,3,.54,393915222,2134982656000
Tanzania,834,TZA,2019,61136873692.3985,7,3.07,7,3.07,366339482,2068950286336
Togo,768,TGO,2005,2281482855.46518,0,0,0,0,31873717,659952762880
Togo,768,TGO,2006,2351584608.41123,0,0,0,0,21598694,791460839424
Togo,768,TGO,2007,2662612348.44099,0,0,0,0,26104612,956115451904
Togo,768,TGO,2008,3323677130.04484,0,0,0,0,30899652,1132562219008
Togo,768,TGO,2009,3379258564.97242,1,.39,0,0,36372517,1005555220480
Togo,768,TGO,2010,3429461495.41335,0,0,0,0,61619158,1396001603584
Togo,768,TGO,2011,3872459249.74631,1,.15,0,0,76598624,1743394832384
Togo,768,TGO,2012,3873308389.30006,1,.19,0,0,84811310,1818199195648
Togo,768,TGO,2013,4321655656.33177,0,0,0,0,117943633,1949992353792
Togo,768,TGO,2014,4574986536.90791,0,0,0,0,166441462,1959234633728
Togo,768,TGO,2015,4180866177.03946,0,0,0,0,214712907,1679564341248
Togo,768,TGO,2016,6031632168.17391,0,0,0,0,105331515,1587920633856
Togo,768,TGO,2017,6395472574.41445,0,0,0,0,73186663,1843792969728
Togo,768,TGO,2018,7112200725.00232,0,0,0,0,145761840,2134982656000
Togo,768,TGO,2019,7220395247.7424,0,0,0,0,180431633,2068950286336
Tunisia,788,TUN,2005,32273007553.5687,0,0,0,0,44087779,659952762880
Tunisia,788,TUN,2006,34377310293.0128,0,0,0,0,50532891,791460839424
Tunisia,788,TUN,2007,38914078351.8027,0,0,0,0,30318414,956115451904
Tunisia,788,TUN,2008,44860969077.1853,0,0,0,0,90308471,1132562219008
Tunisia,788,TUN,2009,43454935940.1614,1,.11,0,0,107523728,1005555220480
Tunisia,788,TUN,2010,46206331261.1019,0,0,0,0,124900376,1396001603584
Tunisia,788,TUN,2011,48122838144.5183,0,0,0,0,219462498,1743394832384
Tunisia,788,TUN,2012,47311196335.2884,0,0,0,0,176976451,1818199195648
Tunisia,788,TUN,2013,48683848563.8515,0,0,0,0,176729459,1949992353792
Tunisia,788,TUN,2014,50271342086.4222,0,0,0,0,211919795,1959234633728
Tunisia,788,TUN,2015,45780069046.659,0,0,0,0,183799263,1679564341248
Tunisia,788,TUN,2016,44360775649.1664,0,0,0,0,138846826,1587920633856
Tunisia,788,TUN,2017,42163974956.4834,0,0,0,0,198163138,1843792969728
Tunisia,788,TUN,2018,42570270107.1147,0,0,0,0,194964649,2134982656000
Tunisia,788,TUN,2019,41804581484.3655,0,0,0,0,208769535,2068950286336
Uganda,800,UGA,2005,9239221858.55839,0,0,0,0,20001905,659952762880
Uganda,800,UGA,2006,9977647644.69953,0,0,0,0,17784982,791460839424
Uganda,800,UGA,2007,11902564401.3238,0,0,0,0,19898324,956115451904
Uganda,800,UGA,2008,14440404021.4881,0,0,0,0,17060339,1132562219008
Uganda,800,UGA,2009,25127805566.4346,0,0,0,0,20103286,1005555220480
Uganda,800,UGA,2010,26673441667.2778,0,0,0,0,26567283,1396001603584
Uganda,800,UGA,2011,27871725205.585,0,0,0,0,40249339,1743394832384
Uganda,800,UGA,2012,27305915761.2794,2,.58,0,0,42874601,1818199195648
Uganda,800,UGA,2013,28915786996.5408,5,4.569999999999999,0,0,71925435,1949992353792
Uganda,800,UGA,2014,32612397758.4418,2,.9199999999999999,2,.9199999999999999,111569259,1959234633728
Uganda,800,UGA,2015,32387183844.6574,1,.2,1,.2,85583492,1679564341248
Uganda,800,UGA,2016,29203988814.8973,0,0,0,0,37617419,1587920633856
Uganda,800,UGA,2017,30744473911.5312,1,.5,1,.5,33412539,1843792969728
Uganda,800,UGA,2018,32927025573.4296,1,.11,1,.11,47167395,2134982656000
Uganda,800,UGA,2019,35353060634.2022,2,.43,2,.43,42278151,2068950286336
Zambia,894,ZMB,2005,8331870169.14977,0,0,0,0,252062365,659952762880
Zambia,894,ZMB,2006,12756858899.2812,1,.31,0,0,270356333,791460839424
Zambia,894,ZMB,2007,14056957976.2648,0,0,0,0,394862193,956115451904
Zambia,894,ZMB,2008,17910858637.9048,1,.28,0,0,522497956,1132562219008
Zambia,894,ZMB,2009,15328342303.9575,4,1.37,0,0,1272464335,1005555220480
Zambia,894,ZMB,2010,20265559483.8548,1,.42,0,0,2578407330,1396001603584
Zambia,894,ZMB,2011,23459515275.5776,4,.7699999999999999,0,0,2775940166,1743394832384
Zambia,894,ZMB,2012,25503060420.026,4,1.73,0,0,2686560295,1818199195648
Zambia,894,ZMB,2013,28037239462.7142,3,.55,0,0,3047866233,1949992353792
Zambia,894,ZMB,2014,27141023558.0829,3,.66,3,.66,3060748531,1959234633728
Zambia,894,ZMB,2015,21251216798.7762,7,3.81,7,3.81,1786476269,1679564341248
Zambia,894,ZMB,2016,20958412538.3093,4,.7,4,.7,2183500684,1587920633856
Zambia,894,ZMB,2017,25873601260.8353,5,2.52,5,2.52,3122754433,1843792969728
Zambia,894,ZMB,2018,26311590296.7021,7,1.6,7,1.6,4132384530,2134982656000
Zambia,894,ZMB,2019,23308667781.2258,1,.45,1,.45,3298462198,2068950286336
Zimbabwe,716,ZWE,2005,5755215200,0,0,0,0,157917827,659952762880
Zimbabwe,716,ZWE,2006,5443896500,0,0,0,0,139093424,791460839424
Zimbabwe,716,ZWE,2007,5291950100,1,.1,0,0,142769297,956115451904
Zimbabwe,716,ZWE,2008,4415702800,0,0,0,0,148213844,1132562219008
Zimbabwe,716,ZWE,2009,9665793300,0,0,0,0,140849822,1005555220480
Zimbabwe,716,ZWE,2010,12041655200,1,.4,0,0,246058323,1396001603584
Zimbabwe,716,ZWE,2011,14101920300,3,.6,0,0,464054686,1743394832384
Zimbabwe,716,ZWE,2012,17114849900,1,.2,0,0,584426601,1818199195648
Zimbabwe,716,ZWE,2013,19091020000,3,.39,0,0,687838704,1949992353792
Zimbabwe,716,ZWE,2014,19495519600,2,.78,2,.78,835714373,1959234633728
Zimbabwe,716,ZWE,2015,19963120600,3,3.13,3,3.13,761400853,1679564341248
Zimbabwe,716,ZWE,2016,20548678100,1,.6,1,.6,726879971,1587920633856
Zimbabwe,716,ZWE,2017,17584890936.6523,1,.15,1,.15,872029644,1843792969728
Zimbabwe,716,ZWE,2018,18115543790.7855,5,2.85,5,2.85,890332777,2134982656000
Zimbabwe,716,ZWE,2019,19284289739.0517,2,.44,2,.44,974025219,2068950286336
